1,045,Children's Miracle-Disney,2010,Children's Miracle Network Classic
2,045,Children's Miracle-Disney,2007,Children's Miracle Network Classic presented by Wal-Mart
3,045,Children's Miracle-Disney,2008,Children's Miracle Network Classic presented by Wal-Mart
4,045,Children's Miracle-Disney,2009,Children's Miracle Network Classic
5,045,FUNAI Classic-Disney,2004,FUNAI Classic at the WALT DISNEY WORLD Resort
6,045,FUNAI Classic-Disney,2006,FUNAI Classic at the WALT DISNEY WORLD Resort
7,045,FUNAI Classic-Disney,2005,FUNAI Classic at the WALT DISNEY WORLD Resort
8,045,FUNAI Classic-Disney,2003,FUNAI Classic at the WALT DISNEY WORLD Resort
9,045,Children's Miracle,2012,Children's Miracle Network Hospitals Classic
10,045,Children's Miracle,2011,Children's Miracle Network Hospitals Classic
11,045,Disney Golf Classic,2002,Disney Golf Classic
12,045,National Car at Disney,2000,National Car Rental Golf Classic Disney
13,045,National Car at Disney,2001,National Car Rental Golf Classic Disney
14,024,FBR Capital Open,2003,FBR Capital Open
15,024,Booz Allen Classic,2005,Booz Allen Classic
16,024,Booz Allen Classic,2004,Booz Allen Classic
17,024,Booz Allen Classic,2006,Booz Allen Classic
18,024,Kemper Insurance Open,2002,Kemper Insurance Open
19,024,Kemper Insurance Open,2000,Kemper Insurance Open
20,024,Kemper Insurance Open,2001,Kemper Insurance Open
21,468,Ryder Cup,2014,Ryder Cup
22,468,Ryder Cup,2006,Ryder Cup
23,468,Ryder Cup,2001,Ryder Cup
24,468,Ryder Cup,2018,Ryder Cup
25,468,Ryder Cup,2008,Ryder Cup
26,468,Ryder Cup,2012,Ryder Cup
27,468,Ryder Cup,2004,Ryder Cup
28,468,Ryder Cup,2002,Ryder Cup
29,468,Ryder Cup,2010,Ryder Cup
30,025,FedEx St. Jude Classic,2013,FedEx St. Jude Classic
31,025,FedEx St. Jude Classic,2011,FedEx St. Jude Classic
32,025,FedEx St. Jude Classic,2016,FedEx St. Jude Classic
33,025,FedEx St. Jude Classic,2005,FedEx St. Jude Classic
34,025,FedEx St. Jude Classic,2000,FedEx St. Jude Classic
35,025,FedEx St. Jude Classic,2001,FedEx St. Jude Classic
36,025,FedEx St. Jude Classic,2018,FedEx St. Jude Classic
37,025,FedEx St. Jude Classic,2012,FedEx St. Jude Classic
38,025,FedEx St. Jude Classic,2003,FedEx St. Jude Classic
39,025,FedEx St. Jude Classic,2004,FedEx St. Jude Classic
40,025,FedEx St. Jude Classic,2015,FedEx St. Jude Classic
41,025,FedEx St. Jude Classic,2017,FedEx St. Jude Classic
42,025,FedEx St. Jude Classic,2006,FedEx St. Jude Classic
43,025,FedEx St. Jude Classic,2002,FedEx St. Jude Classic
44,025,FedEx St. Jude Classic,2014,FedEx St. Jude Classic
45,025,Stanford St. Jude Champ,2007,Stanford St. Jude Championship
46,025,Stanford St. Jude Champ,2008,Stanford St. Jude Championship
47,025,St. Jude Classic,2009,St. Jude Classic presented by FedEx
48,025,St. Jude Classic,2010,St. Jude Classic presented by Smith & Nephew
49,026,U.S. Open Championship,2002,U.S. Open Championship
50,026,U.S. Open Championship,2009,U.S. Open Championship
51,026,U.S. Open Championship,2004,U.S. Open Championship
52,026,U.S. Open Championship,2001,U.S. Open Championship
53,026,U.S. Open Championship,2003,U.S. Open Championship
54,026,U.S. Open Championship,2005,U.S. Open Championship
55,026,U.S. Open Championship,2006,U.S. Open Championship
56,026,U.S. Open Championship,2010,U.S. Open Championship
57,026,U.S. Open Championship,2007,U.S. Open Championship
58,026,U.S. Open Championship,2000,U.S. Open Championship
59,026,U.S. Open Championship,2008,U.S. Open Championship
60,026,U.S. Open,2017,U.S. Open
61,026,U.S. Open,2014,U.S. Open
62,026,U.S. Open,2012,U.S. Open
63,026,U.S. Open,2011,U.S. Open
64,026,U.S. Open,2021,U.S. Open
65,026,U.S. Open,2018,U.S. Open
66,026,U.S. Open,2019,U.S. Open
67,026,U.S. Open,2016,U.S. Open
68,026,U.S. Open,2015,U.S. Open
69,026,U.S. Open,2013,U.S. Open
70,010,The Honda Classic,2016,The Honda Classic
71,010,The Honda Classic,2013,The Honda Classic
72,010,The Honda Classic,2019,The Honda Classic
73,010,The Honda Classic,2008,The Honda Classic
74,010,The Honda Classic,2003,The Honda Classic
75,010,The Honda Classic,2007,The Honda Classic
76,010,The Honda Classic,2009,The Honda Classic
77,010,The Honda Classic,2014,The Honda Classic
78,010,The Honda Classic,2004,The Honda Classic
79,010,The Honda Classic,2002,The Honda Classic
80,010,The Honda Classic,2006,The Honda Classic
81,010,The Honda Classic,2010,The Honda Classic
82,010,The Honda Classic,2020,The Honda Classic
83,010,The Honda Classic,2011,The Honda Classic
84,010,The Honda Classic,2015,The Honda Classic
85,010,The Honda Classic,2005,The Honda Classic
86,010,The Honda Classic,2012,The Honda Classic
87,010,The Honda Classic,2018,The Honda Classic
88,010,The Honda Classic,2017,The Honda Classic
89,010,Honda Classic,2000,Honda Classic
90,010,Honda Classic,2001,Honda Classic
91,012,RBC Heritage,2017,RBC Heritage
92,012,RBC Heritage,2016,RBC Heritage
93,012,RBC Heritage,2015,RBC Heritage
94,012,RBC Heritage,2012,RBC Heritage
95,012,RBC Heritage,2019,RBC Heritage
96,012,RBC Heritage,2013,RBC Heritage
97,012,RBC Heritage,2018,RBC Heritage
98,012,RBC Heritage,2020,RBC Heritage
99,012,RBC Heritage,2014,RBC Heritage
100,012,Verizon Heritage,2009,Verizon Heritage
101,012,Verizon Heritage,2008,Verizon Heritage
102,012,Verizon Heritage,2010,Verizon Heritage
103,012,Verizon Heritage,2007,Verizon Heritage
104,012,Verizon Heritage,2006,Verizon Heritage
105,012,WORLDCOM CLASSIC,2001,WORLDCOM CLASSIC-The Heritage of Golf
106,012,WORLDCOM CLASSIC,2002,WORLDCOM CLASSIC-The Heritage of Golf
107,012,MCI Heritage,2005,MCI Heritage
108,012,MCI Heritage,2003,MCI Heritage
109,012,MCI Heritage,2004,MCI Heritage
110,012,The Heritage,2011,The Heritage
111,012,MCI Classic,2000,MCI Classic
112,457,Mayakoba Golf Classic,2020,Mayakoba Golf Classic
113,457,Mayakoba Golf Classic,2009,Mayakoba Golf Classic at Riviera Maya-Cancun
114,457,Mayakoba Golf Classic,2011,Mayakoba Golf Classic at Riviera Maya-Cancun
115,457,Mayakoba Golf Classic,2012,Mayakoba Golf Classic
116,457,Mayakoba Golf Classic,2019,Mayakoba Golf Classic
117,457,Mayakoba Golf Classic,2010,Mayakoba Golf Classic at Riviera Maya-Cancun
118,457,Mayakoba Golf Classic,2008,Mayakoba Golf Classic at Riviera Maya-Cancun
119,457,Mayakoba Golf Classic,2007,Mayakoba Golf Classic at Riviera Maya-Cancun
120,457,OHL Classic at Mayakoba,2014,OHL Classic at Mayakoba
121,457,OHL Classic at Mayakoba,2017,OHL Classic at Mayakoba
122,457,OHL Classic at Mayakoba,2015,OHL Classic at Mayakoba
123,457,OHL Classic at Mayakoba,2013,OHL Classic at Mayakoba
124,457,OHL Classic at Mayakoba,2016,OHL Classic at Mayakoba
125,457,OHL Classic at Mayakoba,2018,OHL Classic at Mayakoba
126,472,Legends Reno-Tahoe Open,2008,Legends Reno-Tahoe Open
127,472,Legends Reno-Tahoe Open,2009,Legends Reno-Tahoe Open
128,472,Reno-Tahoe Open,2011,Reno-Tahoe Open
129,472,Reno-Tahoe Open,2013,Reno-Tahoe Open
130,472,Reno-Tahoe Open,2006,Reno-Tahoe Open
131,472,Reno-Tahoe Open,2004,Reno-Tahoe Open
132,472,Reno-Tahoe Open,2000,Reno-Tahoe Open
133,472,Reno-Tahoe Open,2012,Reno-Tahoe Open
134,472,Reno-Tahoe Open,2003,Reno-Tahoe Open
135,472,Reno-Tahoe Open,2001,Reno-Tahoe Open
136,472,Reno-Tahoe Open,2005,Reno-Tahoe Open
137,472,Reno-Tahoe Open,2010,Reno-Tahoe Open
138,472,Reno-Tahoe Open,2002,Reno-Tahoe Open
139,472,Reno-Tahoe Open,2007,Reno-Tahoe Open
140,472,Barracuda Championship,2020,Barracuda Championship
141,472,Barracuda Championship,2018,Barracuda Championship
142,472,Barracuda Championship,2016,Barracuda Championship
143,472,Barracuda Championship,2015,Barracuda Championship
144,472,Barracuda Championship,2019,Barracuda Championship
145,472,Barracuda Championship,2014,Barracuda Championship
146,021,Crowne Plaza Invitational,2007,Crowne Plaza Invitational at Colonial
147,021,Crowne Plaza Invitational,2011,Crowne Plaza Invitational at Colonial
148,021,Crowne Plaza Invitational,2015,Crowne Plaza Invitational at Colonial
149,021,Crowne Plaza Invitational,2012,Crowne Plaza Invitational at Colonial
150,021,Crowne Plaza Invitational,2009,Crowne Plaza Invitational at Colonial
151,021,Crowne Plaza Invitational,2010,Crowne Plaza Invitational at Colonial
152,021,Crowne Plaza Invitational,2008,Crowne Plaza Invitational at Colonial
153,021,Crowne Plaza Invitational,2013,Crowne Plaza Invitational at Colonial
154,021,Crowne Plaza Invitational,2014,Crowne Plaza Invitational at Colonial
155,021,DEAN & DELUCA Invt'l,2017,DEAN & DELUCA Invitational
156,021,DEAN & DELUCA Invt'l,2016,DEAN & DELUCA Invitational
157,021,Bank of America Colonial,2004,Bank of America Colonial
158,021,Bank of America Colonial,2003,Bank of America Colonial
159,021,Bank of America Colonial,2005,Bank of America Colonial
160,021,Bank of America Colonial,2006,Bank of America Colonial
161,021,Charles Schwab Challenge,2019,Charles Schwab Challenge
162,021,Charles Schwab Challenge,2020,Charles Schwab Challenge
163,021,MasterCard Colonial,2001,MasterCard Colonial
164,021,MasterCard Colonial,2000,MasterCard Colonial
165,021,MasterCard Colonial,2002,MasterCard Colonial
166,021,Fort Worth Invitational,2018,Fort Worth Invitational
167,009,Arnold Palmer Invt'l,2009,Arnold Palmer Invitational presented by MasterCard
168,009,Arnold Palmer Invt'l,2014,Arnold Palmer Invitational presented by MasterCard
169,009,Arnold Palmer Invt'l,2017,Arnold Palmer Invitational presented by Mastercard
170,009,Arnold Palmer Invt'l,2011,Arnold Palmer Invitational presented by MasterCard
171,009,Arnold Palmer Invt'l,2016,Arnold Palmer Invitational presented by MasterCard
172,009,Arnold Palmer Invt'l,2010,Arnold Palmer Invitational presented by MasterCard
173,009,Arnold Palmer Invt'l,2013,Arnold Palmer Invitational presented by MasterCard
174,009,Arnold Palmer Invt'l,2012,Arnold Palmer Invitational presented by MasterCard
175,009,Arnold Palmer Invt'l,2015,Arnold Palmer Invitational presented by MasterCard
176,009,Arnold Palmer Invt'l,2020,Arnold Palmer Invitational presented by Mastercard
177,009,Arnold Palmer Invt'l,2007,Arnold Palmer Invitational presented by MasterCard
178,009,Arnold Palmer Invt'l,2018,Arnold Palmer Invitational presented by Mastercard
179,009,Arnold Palmer Invt'l,2008,Arnold Palmer Invitational presented by MasterCard
180,009,Arnold Palmer Invt'l,2019,Arnold Palmer Invitational presented by Mastercard
181,009,Bay Hill Invitational,2004,Bay Hill Invitational Presented by MasterCard
182,009,Bay Hill Invitational,2002,Bay Hill Invitational presented by Cooper Tires
183,009,Bay Hill Invitational,2000,Bay Hill Invitational
184,009,Bay Hill Invitational,2006,Bay Hill Invitational Presented by MasterCard
185,009,Bay Hill Invitational,2005,Bay Hill Invitational Presented by MasterCard
186,009,Bay Hill Invitational,2003,Bay Hill Invitational presented by Cooper Tires
187,009,Bay Hill Invitational,2001,Bay Hill Invitational
188,464,Frys.com Open,2012,Frys.com Open
189,464,Frys.com Open,2013,Frys.com Open
190,464,Frys.com Open,2008,Frys.com Open
191,464,Frys.com Open,2015,Frys.com Open
192,464,Frys.com Open,2016,Frys.com Open
193,464,Frys.com Open,2009,Frys.com Open
194,464,Frys.com Open,2010,Frys.com Open
195,464,Frys.com Open,2011,Frys.com Open
196,464,Frys.com Open,2014,Frys.com Open
197,464,Safeway Open,2020,Safeway Open
198,464,Safeway Open,2019,Safeway Open
199,464,Safeway Open,2017,Safeway Open
200,464,Safeway Open,2021,Safeway Open
201,464,Safeway Open,2018,Safeway Open
202,464,Fry's Electronics Open,2007,Fry's Electronics Open
203,002,CareerBuilder Challenge,2017,CareerBuilder Challenge
204,002,CareerBuilder Challenge,2016,CareerBuilder Challenge in partnership with the Clinton Foundation
205,002,CareerBuilder Challenge,2018,CareerBuilder Challenge
206,002,The American Express,2020,The American Express
207,002,The American Express,2021,The American Express
208,002,Humana Challenge,2015,Humana Challenge in partnership with the Clinton Foundation
209,002,Humana Challenge,2012,Humana Challenge in partnership with the Clinton Foundation
210,002,Humana Challenge,2013,Humana Challenge in partnership with the Clinton Foundation
211,002,Humana Challenge,2014,Humana Challenge in partnership with the Clinton Foundation
212,002,Bob Hope Chrysler Classic,2002,Bob Hope Chrysler Classic
213,002,Bob Hope Chrysler Classic,2001,Bob Hope Chrysler Classic
214,002,Bob Hope Chrysler Classic,2000,Bob Hope Chrysler Classic
215,002,Bob Hope Chrysler Classic,2003,Bob Hope Chrysler Classic
216,002,Bob Hope Chrysler Classic,2005,Bob Hope Chrysler Classic
217,002,Bob Hope Chrysler Classic,2007,Bob Hope Chrysler Classic
218,002,Bob Hope Chrysler Classic,2004,Bob Hope Chrysler Classic
219,002,Bob Hope Chrysler Classic,2008,Bob Hope Chrysler Classic
220,002,Bob Hope Chrysler Classic,2006,Bob Hope Chrysler Classic
221,002,Bob Hope Classic,2010,Bob Hope Classic
222,002,Bob Hope Classic,2011,Bob Hope Classic
223,002,The 50th Bob Hope Classic,2009,The 50th Bob Hope Classic hosted by Arnold Palmer
224,002,Desert Classic,2019,Desert Classic
225,478,Chevron World Challenge,2010,Chevron World Challenge
226,478,Chevron World Challenge,2008,Chevron World Challenge presented by Bank of America
227,478,Chevron World Challenge,2011,Chevron World Challenge
228,478,Chevron World Challenge,2009,Chevron World Challenge
229,478,Hero World Challenge,2018,Hero World Challenge
230,478,Hero World Challenge,2017,Hero World Challenge
231,478,Hero World Challenge,2019,Hero World Challenge
232,478,Hero World Challenge,2013,Hero World Challenge
233,478,Hero World Challenge,2020,Hero World Challenge
234,478,Hero World Challenge,2016,Hero World Challenge
235,478,Hero World Challenge,2015,Hero World Challenge
236,478,Target World Challenge,2003,Target World Challenge presented by Williams
237,478,Target World Challenge,2004,Target World Challenge
238,478,Target World Challenge,2002,Target World Challenge presented by Williams
239,478,Target World Challenge,2006,Target World Challenge presented by Countrywide
240,478,Target World Challenge,2005,Target World Challenge presented by Countrywide
241,478,Target World Challenge,2007,Target World Challenge
242,478,World Challenge,2012,World Challenge presented by Northwestern Mutual
243,478,World Challenge,2014,Northwestern Mutual World Challenge
244,478,Williams World Challenge,2000,Williams World Challenge
245,478,Williams World Challenge,2001,Williams World Challenge
246,060,TOUR Championship,2015,TOUR Championship by Coca-Cola
247,060,TOUR Championship,2018,TOUR Championship
248,060,TOUR Championship,2013,TOUR Championship by Coca-Cola
249,060,TOUR Championship,2016,TOUR Championship
250,060,TOUR Championship,2019,TOUR Championship
251,060,TOUR Championship,2020,TOUR Championship
252,060,TOUR Championship,2011,TOUR Championship by Coca-Cola
253,060,TOUR Championship,2012,TOUR Championship by Coca-Cola
254,060,TOUR Championship,2014,TOUR Championship by Coca-Cola
255,060,THE TOUR Championship,2002,THE TOUR Championship presented by Coca-Cola
256,060,THE TOUR Championship,2007,THE TOUR Championship presented by Coca-Cola
257,060,THE TOUR Championship,2006,THE TOUR Championship presented by Coca-Cola
258,060,THE TOUR Championship,2001,THE TOUR Championship
259,060,THE TOUR Championship,2009,THE TOUR Championship presented by Coca-Cola
260,060,THE TOUR Championship,2003,THE TOUR Championship presented by Coca-Cola
261,060,THE TOUR Championship,2000,THE TOUR Championship
262,060,THE TOUR Championship,2010,THE TOUR Championship presented by Coca-Cola
263,060,THE TOUR Championship,2008,THE TOUR Championship presented by Coca-Cola
264,060,THE TOUR Championship,2005,THE TOUR Championship presented by Coca-Cola
265,060,THE TOUR Championship,2004,THE TOUR Championship presented by Coca-Cola
266,476,WGC-Bridgestone Invit'l,2018,World Golf Championships-Bridgestone Invitational
267,476,WGC-Bridgestone Invit'l,2017,World Golf Championships-Bridgestone Invitational
268,476,WGC-Bridgestone Invit'l,2009,World Golf Championships-Bridgestone Invitational
269,476,WGC-Bridgestone Invit'l,2008,World Golf Championships-Bridgestone Invitational
270,476,WGC-Bridgestone Invit'l,2013,World Golf Championships-Bridgestone Invitational
271,476,WGC-Bridgestone Invit'l,2006,World Golf Championships-Bridgestone Invitational
272,476,WGC-Bridgestone Invit'l,2014,World Golf Championships-Bridgestone Invitational
273,476,WGC-Bridgestone Invit'l,2016,World Golf Championships-Bridgestone Invitational
274,476,WGC-Bridgestone Invit'l,2010,World Golf Championships-Bridgestone Invitational
275,476,WGC-Bridgestone Invit'l,2007,World Golf Championships-Bridgestone Invitational
276,476,WGC-Bridgestone Invit'l,2015,World Golf Championships-Bridgestone Invitational
277,476,WGC-Bridgestone Invit'l,2012,World Golf Championships-Bridgestone Invitational
278,476,WGC-Bridgestone Invit'l,2011,World Golf Championships-Bridgestone Invitational
279,476,WGC-FedEx St Jude Invit'l,2020,World Golf Championships-FedEx St. Jude Invitational
280,476,WGC-FedEx St Jude Invit'l,2019,World Golf Championships-FedEx St. Jude Invitational
281,476,WGC-NEC Invitational,2001,World Golf Championships-NEC Invitational
282,476,WGC-NEC Invitational,2003,World Golf Championships-NEC Invitational
283,476,WGC-NEC Invitational,2005,World Golf Championships-NEC Invitational
284,476,WGC-NEC Invitational,2002,World Golf Championships-NEC Invitational
285,476,WGC-NEC Invitational,2000,World Golf Championships-NEC Invitational
286,476,WGC-NEC Invitational,2004,World Golf Championships-NEC Invitational
287,054,Sanderson Farms Champ.,2016,Sanderson Farms Championship
288,054,Sanderson Farms Champ.,2015,Sanderson Farms Championship
289,054,Sanderson Farms Champ.,2014,Sanderson Farms Championship
290,054,Sanderson Farms Champ.,2021,Sanderson Farms Championship
291,054,Sanderson Farms Champ.,2018,Sanderson Farms Championship
292,054,Sanderson Farms Champ.,2020,Sanderson Farms Championship
293,054,Sanderson Farms Champ.,2017,Sanderson Farms Championship
294,054,Sanderson Farms Champ.,2013,Sanderson Farms Championship
295,054,Sanderson Farms Champ.,2019,Sanderson Farms Championship
296,054,Southern Farm Bureau Clas,2001,Southern Farm Bureau Classic
297,054,Southern Farm Bureau Clas,2005,Southern Farm Bureau Classic
298,054,Southern Farm Bureau Clas,2006,Southern Farm Bureau Classic
299,054,Southern Farm Bureau Clas,2000,Southern Farm Bureau Classic
300,054,Southern Farm Bureau Clas,2002,Southern Farm Bureau Classic
301,054,Southern Farm Bureau Clas,2004,Southern Farm Bureau Classic
302,054,Southern Farm Bureau Clas,2003,Southern Farm Bureau Classic
303,054,Viking Classic,2008,Viking Classic
304,054,Viking Classic,2007,Viking Classic
305,054,Viking Classic,2011,Viking Classic
306,054,Viking Classic,2009,Viking Classic
307,054,Viking Classic,2010,Viking Classic
308,054,True South Classic,2012,True South Classic
309,020,Shell Houston Open,2011,Shell Houston Open
310,020,Shell Houston Open,2002,Shell Houston Open
311,020,Shell Houston Open,2003,Shell Houston Open
312,020,Shell Houston Open,2012,Shell Houston Open
313,020,Shell Houston Open,2001,Shell Houston Open
314,020,Shell Houston Open,2017,Shell Houston Open
315,020,Shell Houston Open,2000,Shell Houston Open
316,020,Shell Houston Open,2008,Shell Houston Open
317,020,Shell Houston Open,2013,Shell Houston Open
318,020,Shell Houston Open,2004,Shell Houston Open
319,020,Shell Houston Open,2005,Shell Houston Open
320,020,Shell Houston Open,2015,Shell Houston Open
321,020,Shell Houston Open,2009,Shell Houston Open
322,020,Shell Houston Open,2006,Shell Houston Open
323,020,Shell Houston Open,2016,Shell Houston Open
324,020,Shell Houston Open,2010,Shell Houston Open
325,020,Shell Houston Open,2014,Shell Houston Open
326,020,Shell Houston Open,2007,Shell Houston Open
327,020,Houston Open,2018,Houston Open
328,020,Houston Open,2020,Houston Open
329,020,Vivint Houston Open,2021,Vivint Houston Open
330,029,U.S. Bank in Milwaukee,2004,U.S. Bank Championship in Milwaukee
331,029,U.S. Bank in Milwaukee,2008,U.S. Bank Championship in Milwaukee
332,029,U.S. Bank in Milwaukee,2007,U.S. Bank Championship in Milwaukee
333,029,U.S. Bank in Milwaukee,2005,U.S. Bank Championship in Milwaukee
334,029,U.S. Bank in Milwaukee,2009,U.S. Bank Championship in Milwaukee
335,029,U.S. Bank in Milwaukee,2006,U.S. Bank Championship in Milwaukee
336,029,Greater Milwaukee Open,2001,Greater Milwaukee Open
337,029,Greater Milwaukee Open,2002,Greater Milwaukee Open
338,029,Greater Milwaukee Open,2003,Greater Milwaukee Open
339,029,Greater Milwaukee Open,2000,Greater Milwaukee Open
340,047,Shriners Hospitals,2013,Shriners Hospitals for Children Open
341,047,Shriners Hospitals,2015,Shriners Hospitals for Children Open
342,047,Shriners Hospitals,2021,Shriners Hospitals for Children Open
343,047,Shriners Hospitals,2014,Shriners Hospitals for Children Open
344,047,Shriners Hospitals,2016,Shriners Hospitals for Children Open
345,047,Shriners Hospitals,2017,Shriners Hospitals for Children Open
346,047,Shriners Hospitals,2018,Shriners Hospitals for Children Open
347,047,Shriners Hospitals,2019,Shriners Hospitals for Children Open
348,047,Shriners Hospitals,2020,Shriners Hospitals for Children Open
349,047,Frys.com Open,2007,Frys.com Open benefiting Shriners Hospitals for Children
350,047,Frys.com Open,2006,Frys.com Open
351,047,Justin Timberlake,2009,Justin Timberlake Shriners Hospitals for Children Open
352,047,Justin Timberlake,2010,Justin Timberlake Shriners Hospitals for Children Open
353,047,Justin Timberlake,2008,Justin Timberlake Shriners Hospitals for Children Open
354,047,Justin Timberlake,2011,Justin Timberlake Shriners Hospitals for Children Open
355,047,Invensys Clssic Las Vegas,2002,Invensys Classic at Las Vegas
356,047,Invensys Clssic Las Vegas,2001,Invensys Classic at Las Vegas
357,047,Las Vegas Invitational,2003,Las Vegas Invitational
358,047,JT Shriners,2012,Justin Timberlake Shriners Hospitals for Children Open
359,047,Michelin Championship,2004,Michelin Championship at Las Vegas
360,047,Michelin Championship,2005,Michelin Championship at Las Vegas
361,047,Invensys Clssic/Las Vegas,2000,Invensys Classic at Las Vegas
362,471,Quicken Loans National,2018,Quicken Loans National
363,471,Quicken Loans National,2016,Quicken Loans National
364,471,Quicken Loans National,2017,Quicken Loans National
365,471,Quicken Loans National,2015,Quicken Loans National
366,471,Quicken Loans National,2014,Quicken Loans National
367,471,AT&T; National,2010,AT&T; National
368,471,AT&T; National,2009,AT&T; National
369,471,AT&T; National,2007,AT&T; National
370,471,AT&T; National,2008,AT&T; National
371,471,AT&T; National,2012,AT&T; National
372,471,AT&T; National,2013,AT&T; National
373,471,AT&T; National,2011,AT&T; National
374,016,Mercedes Championships,2006,Mercedes Championships
375,016,Mercedes Championships,2003,Mercedes Championships
376,016,Mercedes Championships,2001,Mercedes Championships
377,016,Mercedes Championships,2000,Mercedes Championships
378,016,Mercedes Championships,2004,Mercedes Championships
379,016,Mercedes Championships,2002,Mercedes Championships
380,016,Mercedes Championships,2005,Mercedes Championships
381,016,Mercedes-Benz Champ,2007,Mercedes-Benz Championship
382,016,Mercedes-Benz Champ,2009,Mercedes-Benz Championship
383,016,Mercedes-Benz Champ,2008,Mercedes-Benz Championship
384,016,Sentry T of C,2018,Sentry Tournament of Champions
385,016,Sentry T of C,2019,Sentry Tournament of Champions
386,016,Sentry T of C,2020,Sentry Tournament of Champions
387,016,SBS Tournament of Champ,2017,SBS Tournament of Champions
388,016,Hyundai T of C,2016,Hyundai Tournament of Champions
389,016,Hyundai T of C,2014,Hyundai Tournament of Champions
390,016,Hyundai T of C,2011,Hyundai Tournament of Champions
391,016,Hyundai T of C,2012,Hyundai Tournament of Champions
392,016,Hyundai T of C,2015,Hyundai Tournament of Champions
393,016,Hyundai T of C,2013,Hyundai Tournament of Champions
394,016,SBS Championship,2010,SBS Championship
395,056,The INTERNATIONAL Qwest,2002,The INTERNATIONAL Presented by Qwest
396,056,The INTERNATIONAL Qwest,2001,The INTERNATIONAL Presented by Qwest
397,056,The INTERNATIONAL,2003,The INTERNATIONAL
398,056,The INTERNATIONAL,2006,The INTERNATIONAL
399,056,The INTERNATIONAL,2005,The INTERNATIONAL
400,056,The INTERNATIONAL,2004,The INTERNATIONAL
401,056,The International/Qwest,2000,The International Presented by Qwest
402,470,WGC-Dell Tech Match Play,2017,World Golf Championships-Dell Technologies Match Play
403,470,WGC-Accenture Match Play,2012,World Golf Championships-Accenture Match Play Championship
404,470,WGC-Accenture Match Play,2003,World Golf Championships-Accenture Match Play Championship
405,470,WGC-Accenture Match Play,2013,World Golf Championships-Accenture Match Play Championship
406,470,WGC-Accenture Match Play,2002,World Golf Championships-Accenture Match Play Championship
407,470,WGC-Accenture Match Play,2008,World Golf Championships-Accenture Match Play Championship
408,470,WGC-Accenture Match Play,2006,World Golf Championships-Accenture Match Play Championship
409,470,WGC-Accenture Match Play,2007,World Golf Championships-Accenture Match Play Championship
410,470,WGC-Accenture Match Play,2000,World Golf Championships-Accenture Match Play Championship
411,470,WGC-Accenture Match Play,2001,World Golf Championships-Accenture Match Play Championship
412,470,WGC-Accenture Match Play,2009,World Golf Championships-Accenture Match Play Championship
413,470,WGC-Accenture Match Play,2010,World Golf Championships-Accenture Match Play Championship
414,470,WGC-Accenture Match Play,2011,World Golf Championships-Accenture Match Play Championship
415,470,WGC-Accenture Match Play,2014,World Golf Championships-Accenture Match Play Championship
416,470,WGC-Accenture Match Play,2004,World Golf Championships-Accenture Match Play Championship
417,470,WGC-Accenture Match Play,2005,World Golf Championships-Accenture Match Play Championship
418,470,WGC-Cadillac Match Play,2015,World Golf Championships-Cadillac Match Play
419,470,WGC-Dell Match Play,2016,World Golf Championships-Dell Match Play
420,001,Chrysler Classic Tucson,2004,Chrysler Classic of Tucson
421,001,Chrysler Classic Tucson,2005,Chrysler Classic of Tucson
422,001,Chrysler Classic Tucson,2006,Chrysler Classic of Tucson
423,001,Chrysler Classic Tucson,2003,Chrysler Classic of Tucson
424,001,Touchstone Energy Tucson,2002,Touchstone Energy Tucson Open
425,001,Touchstone Energy Tucson,2001,Touchstone Energy Tucson Open
426,001,Touchstone Energy Tucson,2000,Touchstone Energy Tucson Open
427,473,WGC-Cadillac Championship,2013,World Golf Championships-Cadillac Championship
428,473,WGC-Cadillac Championship,2012,World Golf Championships-Cadillac Championship
429,473,WGC-Cadillac Championship,2011,World Golf Championships-Cadillac Championship
430,473,WGC-Cadillac Championship,2016,World Golf Championships-Cadillac Championship
431,473,WGC-Cadillac Championship,2014,World Golf Championships-Cadillac Championship
432,473,WGC-Cadillac Championship,2015,World Golf Championships-Cadillac Championship
433,473,WGC-American Express,2000,World Golf Championships-American Express Championship
434,473,WGC-American Express,2001,World Golf Championships-American Express Championship
435,473,WGC-American Express,2005,World Golf Championships-American Express Championship
436,473,WGC-American Express,2006,World Golf Championships-American Express Championship
437,473,WGC-American Express,2003,World Golf Championships-American Express Championship
438,473,WGC-American Express,2004,World Golf Championships-American Express Championship
439,473,WGC-American Express,2002,World Golf Championships-American Express Championship
440,473,WGC-Mexico Championship,2018,World Golf Championships-Mexico Championship
441,473,WGC-Mexico Championship,2017,World Golf Championships-Mexico Championship
442,473,WGC-Mexico Championship,2019,World Golf Championships-Mexico Championship
443,473,WGC-Mexico Championship,2020,World Golf Championships-Mexico Championship
444,473,WGC-CA Championship,2010,World Golf Championships-CA Championship
445,473,WGC-CA Championship,2008,World Golf Championships-CA Championship
446,473,WGC-CA Championship,2007,World Golf Championships-CA Championship
447,473,WGC-CA Championship,2009,World Golf Championships-CA Championship
448,033,PGA Championship,2007,PGA Championship
449,033,PGA Championship,2001,PGA Championship
450,033,PGA Championship,2006,PGA Championship
451,033,PGA Championship,2004,PGA Championship
452,033,PGA Championship,2014,PGA Championship
453,033,PGA Championship,2011,PGA Championship
454,033,PGA Championship,2016,PGA Championship
455,033,PGA Championship,2017,PGA Championship
456,033,PGA Championship,2018,PGA Championship
457,033,PGA Championship,2012,PGA Championship
458,033,PGA Championship,2019,PGA Championship
459,033,PGA Championship,2003,PGA Championship
460,033,PGA Championship,2013,PGA Championship
461,033,PGA Championship,2010,PGA Championship
462,033,PGA Championship,2005,PGA Championship
463,033,PGA Championship,2008,PGA Championship
464,033,PGA Championship,2009,PGA Championship
465,033,PGA Championship,2000,PGA Championship
466,033,PGA Championship,2002,PGA Championship
467,033,PGA Championship,2020,PGA Championship
468,033,PGA Championship,2015,PGA Championship
469,490,The Greenbrier,2019,A Military Tribute at The Greenbrier
470,490,The Greenbrier,2020,A Military Tribute at The Greenbrier
471,490,The Greenbrier,2018,A Military Tribute at The Greenbrier
472,490,The Greenbrier Classic,2010,The Greenbrier Classic
473,490,The Greenbrier Classic,2017,The Greenbrier Classic
474,490,The Greenbrier Classic,2013,The Greenbrier Classic
475,490,The Greenbrier Classic,2012,The Greenbrier Classic
476,490,The Greenbrier Classic,2011,The Greenbrier Classic
477,490,The Greenbrier Classic,2015,The Greenbrier Classic
478,490,The Greenbrier Classic,2014,The Greenbrier Classic
479,494,CIMB Classic,2017,CIMB Classic
480,494,CIMB Classic,2013,CIMB Classic
481,494,CIMB Classic,2016,CIMB Classic
482,494,CIMB Classic,2012,CIMB Classic
483,494,CIMB Classic,2019,CIMB Classic
484,494,CIMB Classic,2014,CIMB Classic
485,494,CIMB Classic,2018,CIMB Classic
486,494,CIMB Classic,2015,CIMB Classic
487,494,CIMB Asia Pacific Classic,2011,CIMB Asia Pacific Classic Malaysia
488,494,CIMB Asia Pacific Classic,2010,CIMB Asia Pacific Classic Malaysia
489,505,Deutsche Bank Champ,2009,Deutsche Bank Championship
490,505,Deutsche Bank Champ,2003,Deutsche Bank Championship
491,505,Deutsche Bank Champ,2006,Deutsche Bank Championship
492,505,Deutsche Bank Champ,2015,Deutsche Bank Championship
493,505,Deutsche Bank Champ,2004,Deutsche Bank Championship
494,505,Deutsche Bank Champ,2014,Deutsche Bank Championship
495,505,Deutsche Bank Champ,2007,Deutsche Bank Championship
496,505,Deutsche Bank Champ,2005,Deutsche Bank Championship
497,505,Deutsche Bank Champ,2010,Deutsche Bank Championship
498,505,Deutsche Bank Champ,2013,Deutsche Bank Championship
499,505,Deutsche Bank Champ,2012,Deutsche Bank Championship
500,505,Deutsche Bank Champ,2011,Deutsche Bank Championship
501,505,Deutsche Bank Champ,2016,Deutsche Bank Championship
502,505,Deutsche Bank Champ,2008,Deutsche Bank Championship
503,505,Dell Technologies Champ,2018,Dell Technologies Championship
504,505,Dell Technologies Champ,2017,Dell Technologies Championship
505,003,FBR Open,2009,FBR Open
506,003,FBR Open,2004,FBR Open
507,003,FBR Open,2006,FBR Open
508,003,FBR Open,2005,FBR Open
509,003,FBR Open,2007,FBR Open
510,003,FBR Open,2008,FBR Open
511,003,Waste Management Phoenix,2015,Waste Management Phoenix Open
512,003,Waste Management Phoenix,2016,Waste Management Phoenix Open
513,003,Waste Management Phoenix,2011,Waste Management Phoenix Open
514,003,Waste Management Phoenix,2019,Waste Management Phoenix Open
515,003,Waste Management Phoenix,2010,Waste Management Phoenix Open
516,003,Waste Management Phoenix,2013,Waste Management Phoenix Open
517,003,Waste Management Phoenix,2020,Waste Management Phoenix Open
518,003,Waste Management Phoenix,2018,Waste Management Phoenix Open
519,003,Waste Management Phoenix,2021,Waste Management Phoenix Open
520,003,Waste Management Phoenix,2012,Waste Management Phoenix Open
521,003,Waste Management Phoenix,2014,Waste Management Phoenix Open
522,003,Waste Management Phoenix,2017,Waste Management Phoenix Open
523,003,Phoenix Open,2003,Phoenix Open
524,003,Phoenix Open,2001,Phoenix Open
525,003,Phoenix Open,2002,Phoenix Open
526,003,Phoenix Open,2000,Phoenix Open
527,088,PGA TOUR Qualifying Tourn,2011,PGA TOUR Qualifying Tournament
528,088,PGA TOUR Qualifying Tourn,2000,PGA TOUR Qualifying Tournament
529,088,PGA TOUR Qualifying Tourn,2008,PGA TOUR Qualifying Tournament
530,088,PGA TOUR Qualifying Tourn,2012,PGA TOUR Qualifying Tournament
531,088,PGA TOUR Qualifying Tourn,2002,PGA TOUR Qualifying Tournament
532,088,PGA TOUR Qualifying Tourn,2007,PGA TOUR Qualifying Tournament
533,088,PGA TOUR Qualifying Tourn,2009,PGA TOUR Qualifying Tournament
534,088,PGA TOUR Qualifying Tourn,2006,PGA TOUR Qualifying Tournament
535,088,PGA TOUR Qualifying Tourn,2010,PGA TOUR Qualifying Tournament
536,088,PGA TOUR Qualifying Tourn,2005,PGA TOUR Qualifying Tournament
537,088,PGA TOUR Qualifying Tourn,2004,PGA TOUR Qualifying Tournament
538,088,PGA TOUR Qualifying Tourn,2003,PGA TOUR Qualifying Tournament
539,088,PGA TOUR Qualifying Tourn,2001,PGA TOUR Qualifying Tournament
540,475,Valspar Championship,2015,Valspar Championship
541,475,Valspar Championship,2018,Valspar Championship
542,475,Valspar Championship,2016,Valspar Championship
543,475,Valspar Championship,2017,Valspar Championship
544,475,Valspar Championship,2014,Valspar Championship
545,475,Valspar Championship,2019,Valspar Championship
546,475,PODS Championship,2008,PODS Championship
547,475,PODS Championship,2007,PODS Championship
548,475,Chrysler Championship,2004,Chrysler Championship
549,475,Chrysler Championship,2003,Chrysler Championship
550,475,Chrysler Championship,2006,Chrysler Championship
551,475,Chrysler Championship,2005,Chrysler Championship
552,475,Transitions Championship,2012,Transitions Championship
553,475,Transitions Championship,2011,Transitions Championship
554,475,Transitions Championship,2010,Transitions Championship
555,475,Transitions Championship,2009,Transitions Championship
556,475,Tampa Bay Classic,2000,Tampa Bay Classic
557,475,Tampa Bay Classic,2001,Tampa Bay Classic presented by Buick
558,475,Tampa Bay Classic,2002,Tampa Bay Classic presented by Buick
559,475,Tampa Bay Championship,2013,Tampa Bay Championship presented by EverBank
560,480,Wells Fargo Championship,2017,Wells Fargo Championship
561,480,Wells Fargo Championship,2013,Wells Fargo Championship
562,480,Wells Fargo Championship,2018,Wells Fargo Championship
563,480,Wells Fargo Championship,2015,Wells Fargo Championship
564,480,Wells Fargo Championship,2019,Wells Fargo Championship
565,480,Wells Fargo Championship,2014,Wells Fargo Championship
566,480,Wells Fargo Championship,2016,Wells Fargo Championship
567,480,Wells Fargo Championship,2011,Wells Fargo Championship
568,480,Wells Fargo Championship,2012,Wells Fargo Championship
569,480,Wachovia Championship,2005,Wachovia Championship
570,480,Wachovia Championship,2008,Wachovia Championship
571,480,Wachovia Championship,2006,Wachovia Championship
572,480,Wachovia Championship,2004,Wachovia Championship
573,480,Wachovia Championship,2003,Wachovia Championship
574,480,Wachovia Championship,2007,Wachovia Championship
575,480,Quail Hollow Championship,2010,Quail Hollow Championship
576,480,Quail Hollow Championship,2009,Quail Hollow Championship
577,008,Genuity Championship,2002,Genuity Championship
578,008,Genuity Championship,2001,Genuity Championship
579,008,Ford Championship @ Doral,2006,Ford Championship at Doral
580,008,Ford Championship @ Doral,2003,Ford Championship at Doral
581,008,Ford Championship @ Doral,2005,Ford Championship at Doral
582,008,Ford Championship @ Doral,2004,Ford Championship at Doral
583,008,Doral-Ryder Open,2000,Doral-Ryder Open
584,023,the Memorial Tournament,2011,the Memorial Tournament presented by Nationwide Insurance
585,023,the Memorial Tournament,2003,the Memorial Tournament
586,023,the Memorial Tournament,2020,the Memorial Tournament presented by Nationwide
587,023,the Memorial Tournament,2006,the Memorial Tournament
588,023,the Memorial Tournament,2019,the Memorial Tournament presented by Nationwide
589,023,the Memorial Tournament,2004,the Memorial Tournament
590,023,the Memorial Tournament,2009,the Memorial Tournament
591,023,the Memorial Tournament,2018,the Memorial Tournament presented by Nationwide
592,023,the Memorial Tournament,2008,the Memorial Tournament presented by Morgan Stanley
593,023,the Memorial Tournament,2010,the Memorial Tournament presented by Nationwide Insurance
594,023,the Memorial Tournament,2015,the Memorial Tournament presented by Nationwide
595,023,the Memorial Tournament,2014,the Memorial Tournament presented by Nationwide Insurance
596,023,the Memorial Tournament,2016,the Memorial Tournament presented by Nationwide
597,023,the Memorial Tournament,2007,the Memorial Tournament presented by Morgan Stanley
598,023,the Memorial Tournament,2012,the Memorial Tournament presented by Nationwide Insurance
599,023,the Memorial Tournament,2017,the Memorial Tournament presented by Nationwide
600,023,the Memorial Tournament,2005,the Memorial Tournament
601,023,the Memorial Tournament,2013,the Memorial Tournament presented by Nationwide Insurance
602,023,Memorial Tournament,2001,Memorial Tournament
603,023,Memorial Tournament,2000,Memorial Tournament
604,023,Memorial Tournament,2002,Memorial Tournament
605,011,THE PLAYERS Championship,2015,THE PLAYERS Championship
606,011,THE PLAYERS Championship,2019,THE PLAYERS Championship
607,011,THE PLAYERS Championship,2003,THE PLAYERS Championship
608,011,THE PLAYERS Championship,2006,THE PLAYERS Championship
609,011,THE PLAYERS Championship,2008,THE PLAYERS Championship
610,011,THE PLAYERS Championship,2009,THE PLAYERS Championship
611,011,THE PLAYERS Championship,2001,THE PLAYERS Championship
612,011,THE PLAYERS Championship,2000,THE PLAYERS Championship
613,011,THE PLAYERS Championship,2012,THE PLAYERS Championship
614,011,THE PLAYERS Championship,2014,THE PLAYERS Championship
615,011,THE PLAYERS Championship,2010,THE PLAYERS Championship
616,011,THE PLAYERS Championship,2007,THE PLAYERS Championship
617,011,THE PLAYERS Championship,2018,THE PLAYERS Championship
618,011,THE PLAYERS Championship,2017,THE PLAYERS Championship
619,011,THE PLAYERS Championship,2011,THE PLAYERS Championship
620,011,THE PLAYERS Championship,2004,THE PLAYERS Championship
621,011,THE PLAYERS Championship,2002,THE PLAYERS Championship
622,011,THE PLAYERS Championship,2013,THE PLAYERS Championship
623,011,THE PLAYERS Championship,2016,THE PLAYERS Championship
624,011,THE PLAYERS Championship,2005,THE PLAYERS Championship
625,493,The RSM Classic,2019,The RSM Classic
626,493,The RSM Classic,2021,The RSM Classic
627,493,The RSM Classic,2020,The RSM Classic
628,493,The RSM Classic,2018,The RSM Classic
629,493,The RSM Classic,2016,The RSM Classic
630,493,The RSM Classic,2017,The RSM Classic
631,493,The McGladrey Classic,2011,The McGladrey Classic
632,493,The McGladrey Classic,2013,The McGladrey Classic
633,493,The McGladrey Classic,2015,The McGladrey Classic
634,493,The McGladrey Classic,2014,The McGladrey Classic
635,493,The McGladrey Classic,2012,The McGladrey Classic
636,493,The McGladrey Classic,2010,The McGladrey Classic
637,004,Farmers Insurance Open,2021,Farmers Insurance Open
638,004,Farmers Insurance Open,2016,Farmers Insurance Open
639,004,Farmers Insurance Open,2013,Farmers Insurance Open
640,004,Farmers Insurance Open,2012,Farmers Insurance Open
641,004,Farmers Insurance Open,2010,Farmers Insurance Open
642,004,Farmers Insurance Open,2019,Farmers Insurance Open
643,004,Farmers Insurance Open,2015,Farmers Insurance Open
644,004,Farmers Insurance Open,2017,Farmers Insurance Open
645,004,Farmers Insurance Open,2011,Farmers Insurance Open
646,004,Farmers Insurance Open,2014,Farmers Insurance Open
647,004,Farmers Insurance Open,2020,Farmers Insurance Open
648,004,Farmers Insurance Open,2018,Farmers Insurance Open
649,004,Buick Invitational,2008,Buick Invitational
650,004,Buick Invitational,2006,Buick Invitational
651,004,Buick Invitational,2001,Buick Invitational
652,004,Buick Invitational,2002,Buick Invitational
653,004,Buick Invitational,2007,Buick Invitational
654,004,Buick Invitational,2009,Buick Invitational
655,004,Buick Invitational,2004,Buick Invitational
656,004,Buick Invitational,2003,Buick Invitational
657,004,Buick Invitational,2005,Buick Invitational
658,004,Buick Invitational,2000,Buick Invitational
659,483,Puerto Rico Open,2020,Puerto Rico Open
660,483,Puerto Rico Open,2008,Puerto Rico Open presented by Banco Popular
661,483,Puerto Rico Open,2019,Puerto Rico Open
662,483,Puerto Rico Open,2009,Puerto Rico Open presented by Banco Popular
663,483,Puerto Rico Open,2016,Puerto Rico Open at Coco Beach
664,483,Puerto Rico Open,2017,Puerto Rico Open
665,483,Puerto Rico Open,2012,Puerto Rico Open presented by seepuertorico.com
666,483,Puerto Rico Open,2010,Puerto Rico Open presented by Banco Popular
667,483,Puerto Rico Open,2013,Puerto Rico Open presented by seepuertorico.com
668,483,Puerto Rico Open,2014,Puerto Rico Open presented by seepuertorico.com
669,483,Puerto Rico Open,2015,Puerto Rico Open
670,483,Puerto Rico Open,2011,Puerto Rico Open presented by seepuertorico.com
671,027,The Barclays,2014,The Barclays
672,027,The Barclays,2012,The Barclays
673,027,The Barclays,2008,The Barclays
674,027,The Barclays,2010,The Barclays
675,027,The Barclays,2013,The Barclays
676,027,The Barclays,2007,The Barclays
677,027,The Barclays,2011,The Barclays
678,027,The Barclays,2015,The Barclays
679,027,The Barclays,2009,The Barclays
680,027,The Barclays,2016,The Barclays
681,027,Buick Classic,2000,Buick Classic
682,027,Buick Classic,2003,Buick Classic
683,027,Buick Classic,2001,Buick Classic
684,027,Buick Classic,2004,Buick Classic
685,027,Buick Classic,2002,Buick Classic
686,027,THE NORTHERN TRUST,2020,THE NORTHERN TRUST
687,027,THE NORTHERN TRUST,2017,THE NORTHERN TRUST
688,027,THE NORTHERN TRUST,2019,THE NORTHERN TRUST
689,027,THE NORTHERN TRUST,2018,THE NORTHERN TRUST
690,027,Barclays Classic,2005,Barclays Classic
691,027,Barclays Classic,2006,Barclays Classic
692,041,Valero Texas Open,2005,Valero Texas Open
693,041,Valero Texas Open,2018,Valero Texas Open
694,041,Valero Texas Open,2009,Valero Texas Open
695,041,Valero Texas Open,2002,Valero Texas Open
696,041,Valero Texas Open,2008,Valero Texas Open
697,041,Valero Texas Open,2015,Valero Texas Open
698,041,Valero Texas Open,2006,Valero Texas Open
699,041,Valero Texas Open,2013,Valero Texas Open
700,041,Valero Texas Open,2017,Valero Texas Open
701,041,Valero Texas Open,2016,Valero Texas Open
702,041,Valero Texas Open,2011,Valero Texas Open
703,041,Valero Texas Open,2019,Valero Texas Open
704,041,Valero Texas Open,2007,Valero Texas Open
705,041,Valero Texas Open,2014,Valero Texas Open
706,041,Valero Texas Open,2010,Valero Texas Open
707,041,Valero Texas Open,2012,Valero Texas Open
708,041,Valero Texas Open,2004,Valero Texas Open
709,041,Valero Texas Open,2003,Valero Texas Open
710,041,Westin Texas Open,2000,Westin Texas Open at LaCantera
711,041,Texas Open at LaCantera,2001,Texas Open at LaCantera
712,489,WGC-HSBC Champions,2009,World Golf Championships-HSBC Champions
713,489,WGC-HSBC Champions,2012,World Golf Championships-HSBC Champions
714,489,WGC-HSBC Champions,2014,World Golf Championships-HSBC Champions
715,489,WGC-HSBC Champions,2015,World Golf Championships-HSBC Champions
716,489,WGC-HSBC Champions,2020,World Golf Championships-HSBC Champions
717,489,WGC-HSBC Champions,2011,World Golf Championships-HSBC Champions
718,489,WGC-HSBC Champions,2013,World Golf Championships-HSBC Champions
719,489,WGC-HSBC Champions,2016,World Golf Championships-HSBC Champions
720,489,WGC-HSBC Champions,2019,World Golf Championships-HSBC Champions
721,489,WGC-HSBC Champions,2018,World Golf Championships-HSBC Champions
722,489,WGC-HSBC Champions,2017,World Golf Championships-HSBC Champions
723,489,WGC-HSBC Champions,2010,World Golf Championships-HSBC Champions
724,019,EDS Byron Nelson Champ,2007,EDS Byron Nelson Championship
725,019,EDS Byron Nelson Champ,2005,EDS Byron Nelson Championship
726,019,EDS Byron Nelson Champ,2008,EDS Byron Nelson Championship
727,019,EDS Byron Nelson Champ,2006,EDS Byron Nelson Championship
728,019,EDS Byron Nelson Champ,2004,EDS Byron Nelson Championship
729,019,EDS Byron Nelson Champ,2003,EDS Byron Nelson Championship
730,019,HP Byron Nelson Champ,2010,HP Byron Nelson Championship
731,019,HP Byron Nelson Champ,2013,HP Byron Nelson Championship
732,019,HP Byron Nelson Champ,2012,HP Byron Nelson Championship
733,019,HP Byron Nelson Champ,2011,HP Byron Nelson Championship
734,019,HP Byron Nelson Champ,2009,HP Byron Nelson Championship
735,019,HP Byron Nelson Champ,2014,HP Byron Nelson Championship
736,019,Verizon Byron Nelson,2001,Verizon Byron Nelson Classic
737,019,Verizon Byron Nelson,2002,Verizon Byron Nelson Classic
738,019,AT&T; Byron Nelson,2015,AT&T; Byron Nelson
739,019,AT&T; Byron Nelson,2016,AT&T; Byron Nelson
740,019,AT&T Byron Nelson,2017,AT&T Byron Nelson
741,019,AT&T Byron Nelson,2019,AT&T Byron Nelson
742,019,AT&T Byron Nelson,2018,AT&T Byron Nelson
743,019,GTE Byron Nelson Classic,2000,GTE Byron Nelson Classic
744,005,AT&T Pebble Beach,2019,AT&T Pebble Beach Pro-Am
745,005,AT&T Pebble Beach,2020,AT&T Pebble Beach Pro-Am
746,005,AT&T Pebble Beach,2018,AT&T Pebble Beach Pro-Am
747,005,AT&T Pebble Beach,2017,AT&T Pebble Beach Pro-Am
748,005,AT&T; Pebble Beach,2005,AT&T; Pebble Beach National Pro-Am
749,005,AT&T; Pebble Beach,2012,AT&T; Pebble Beach National Pro-Am
750,005,AT&T; Pebble Beach,2009,AT&T; Pebble Beach National Pro-Am
751,005,AT&T; Pebble Beach,2008,AT&T; Pebble Beach National Pro-Am
752,005,AT&T; Pebble Beach,2010,AT&T; Pebble Beach National Pro-Am
753,005,AT&T; Pebble Beach,2015,AT&T; Pebble Beach National Pro-Am
754,005,AT&T; Pebble Beach,2013,AT&T; Pebble Beach National Pro-Am
755,005,AT&T; Pebble Beach,2014,AT&T; Pebble Beach National Pro-Am
756,005,AT&T; Pebble Beach,2007,AT&T; Pebble Beach National Pro-Am
757,005,AT&T; Pebble Beach,2000,AT&T; Pebble Beach National Pro-Am
758,005,AT&T; Pebble Beach,2002,AT&T; Pebble Beach National Pro-Am
759,005,AT&T; Pebble Beach,2011,AT&T; Pebble Beach National Pro-Am
760,005,AT&T; Pebble Beach,2001,AT&T; Pebble Beach National Pro-Am
761,005,AT&T; Pebble Beach,2006,AT&T; Pebble Beach National Pro-Am
762,005,AT&T; Pebble Beach,2003,AT&T; Pebble Beach National Pro-Am
763,005,AT&T; Pebble Beach,2004,AT&T; Pebble Beach National Pro-Am
764,005,AT&T; Pebble Beach,2016,AT&T; Pebble Beach Pro-Am
765,034,Travelers Championship,2020,Travelers Championship
766,034,Travelers Championship,2013,Travelers Championship
767,034,Travelers Championship,2008,Travelers Championship
768,034,Travelers Championship,2012,Travelers Championship
769,034,Travelers Championship,2016,Travelers Championship
770,034,Travelers Championship,2017,Travelers Championship
771,034,Travelers Championship,2019,Travelers Championship
772,034,Travelers Championship,2018,Travelers Championship
773,034,Travelers Championship,2011,Travelers Championship
774,034,Travelers Championship,2014,Travelers Championship
775,034,Travelers Championship,2009,Travelers Championship
776,034,Travelers Championship,2010,Travelers Championship
777,034,Travelers Championship,2015,Travelers Championship
778,034,Travelers Championship,2007,Travelers Championship
779,034,Buick Championship,2005,Buick Championship
780,034,Buick Championship,2004,Buick Championship
781,034,Buick Championship,2006,Buick Championship
782,034,Canon Greater Hartford Op,2002,Canon Greater Hartford Open
783,034,Canon Greater Hartford Op,2000,Canon Greater Hartford Open
784,034,Canon Greater Hartford Op,2001,Canon Greater Hartford Open
785,034,Greater Hartford Open,2003,Greater Hartford Open
786,006,Sony Open in Hawaii,2016,Sony Open in Hawaii
787,006,Sony Open in Hawaii,2003,Sony Open in Hawaii
788,006,Sony Open in Hawaii,2009,Sony Open in Hawaii
789,006,Sony Open in Hawaii,2014,Sony Open in Hawaii
790,006,Sony Open in Hawaii,2008,Sony Open in Hawaii
791,006,Sony Open in Hawaii,2017,Sony Open in Hawaii
792,006,Sony Open in Hawaii,2001,Sony Open in Hawaii
793,006,Sony Open in Hawaii,2020,Sony Open in Hawaii
794,006,Sony Open in Hawaii,2002,Sony Open in Hawaii
795,006,Sony Open in Hawaii,2019,Sony Open in Hawaii
796,006,Sony Open in Hawaii,2005,Sony Open in Hawaii
797,006,Sony Open in Hawaii,2012,Sony Open in Hawaii
798,006,Sony Open in Hawaii,2010,Sony Open in Hawaii
799,006,Sony Open in Hawaii,2013,Sony Open in Hawaii
800,006,Sony Open in Hawaii,2015,Sony Open in Hawaii
801,006,Sony Open in Hawaii,2007,Sony Open in Hawaii
802,006,Sony Open in Hawaii,2004,Sony Open in Hawaii
803,006,Sony Open in Hawaii,2000,Sony Open in Hawaii
804,006,Sony Open in Hawaii,2018,Sony Open in Hawaii
805,006,Sony Open in Hawaii,2006,Sony Open in Hawaii
806,006,Sony Open in Hawaii,2011,Sony Open in Hawaii
807,022,AT&T; Classic,2007,AT&T; Classic
808,022,AT&T; Classic,2008,AT&T; Classic
809,022,BellSouth Classic,2005,BellSouth Classic
810,022,BellSouth Classic,2004,BellSouth Classic
811,022,BellSouth Classic,2001,BellSouth Classic
812,022,BellSouth Classic,2003,BellSouth Classic
813,022,BellSouth Classic,2002,BellSouth Classic
814,022,BellSouth Classic,2000,BellSouth Classic
815,022,BellSouth Classic,2006,BellSouth Classic
816,014,Masters Tournament,2015,Masters Tournament
817,014,Masters Tournament,2016,Masters Tournament
818,014,Masters Tournament,2014,Masters Tournament
819,014,Masters Tournament,2017,Masters Tournament
820,014,Masters Tournament,2002,Masters Tournament
821,014,Masters Tournament,2008,Masters Tournament
822,014,Masters Tournament,2013,Masters Tournament
823,014,Masters Tournament,2007,Masters Tournament
824,014,Masters Tournament,2012,Masters Tournament
825,014,Masters Tournament,2018,Masters Tournament
826,014,Masters Tournament,2004,Masters Tournament
827,014,Masters Tournament,2010,Masters Tournament
828,014,Masters Tournament,2001,Masters Tournament
829,014,Masters Tournament,2003,Masters Tournament
830,014,Masters Tournament,2019,Masters Tournament
831,014,Masters Tournament,2021,Masters Tournament
832,014,Masters Tournament,2005,Masters Tournament
833,014,Masters Tournament,2006,Masters Tournament
834,014,Masters Tournament,2009,Masters Tournament
835,014,Masters Tournament,2000,Masters Tournament
836,014,Masters Tournament,2011,Masters Tournament
837,032,RBC Canadian Open,2012,RBC Canadian Open
838,032,RBC Canadian Open,2018,RBC Canadian Open
839,032,RBC Canadian Open,2017,RBC Canadian Open
840,032,RBC Canadian Open,2009,RBC Canadian Open
841,032,RBC Canadian Open,2014,RBC Canadian Open
842,032,RBC Canadian Open,2019,RBC Canadian Open
843,032,RBC Canadian Open,2015,RBC Canadian Open
844,032,RBC Canadian Open,2008,RBC Canadian Open
845,032,RBC Canadian Open,2013,RBC Canadian Open
846,032,RBC Canadian Open,2010,RBC Canadian Open
847,032,RBC Canadian Open,2016,RBC Canadian Open
848,032,RBC Canadian Open,2011,RBC Canadian Open
849,032,Canadian Open,2007,Canadian Open presented by Franklin Templeton Investments
850,032,Canadian Open,2006,Canadian Open
851,032,Bell Canadian Open,2005,Bell Canadian Open
852,032,Bell Canadian Open,2002,Bell Canadian Open
853,032,Bell Canadian Open,2000,Bell Canadian Open
854,032,Bell Canadian Open,2001,Bell Canadian Open
855,032,Bell Canadian Open,2004,Bell Canadian Open
856,032,Bell Canadian Open,2003,Bell Canadian Open
857,007,Northern Trust Open,2015,Northern Trust Open
858,007,Northern Trust Open,2014,Northern Trust Open
859,007,Northern Trust Open,2011,Northern Trust Open
860,007,Northern Trust Open,2009,Northern Trust Open
861,007,Northern Trust Open,2010,Northern Trust Open
862,007,Northern Trust Open,2013,Northern Trust Open
863,007,Northern Trust Open,2012,Northern Trust Open
864,007,Northern Trust Open,2008,Northern Trust Open
865,007,Northern Trust Open,2016,Northern Trust Open
866,007,Genesis Open,2018,Genesis Open
867,007,Genesis Open,2019,Genesis Open
868,007,Genesis Open,2017,Genesis Open
869,007,Nissan Open,2003,Nissan Open
870,007,Nissan Open,2004,Nissan Open
871,007,Nissan Open,2000,Nissan Open
872,007,Nissan Open,2001,Nissan Open
873,007,Nissan Open,2005,Nissan Open
874,007,Nissan Open,2006,Nissan Open
875,007,Nissan Open,2002,Nissan Open
876,007,Nissan Open,2007,Nissan Open
877,007,The Genesis Invitational,2020,The Genesis Invitational
878,018,Zurich Classic of New Orl,2012,Zurich Classic of New Orleans
879,018,Zurich Classic of New Orl,2005,Zurich Classic of New Orleans
880,018,Zurich Classic of New Orl,2011,Zurich Classic of New Orleans
881,018,Zurich Classic of New Orl,2018,Zurich Classic of New Orleans
882,018,Zurich Classic of New Orl,2016,Zurich Classic of New Orleans
883,018,Zurich Classic of New Orl,2007,Zurich Classic of New Orleans
884,018,Zurich Classic of New Orl,2019,Zurich Classic of New Orleans
885,018,Zurich Classic of New Orl,2008,Zurich Classic of New Orleans
886,018,Zurich Classic of New Orl,2006,Zurich Classic of New Orleans
887,018,Zurich Classic of New Orl,2009,Zurich Classic of New Orleans
888,018,Zurich Classic of New Orl,2013,Zurich Classic of New Orleans
889,018,Zurich Classic of New Orl,2014,Zurich Classic of New Orleans
890,018,Zurich Classic of New Orl,2017,Zurich Classic of New Orleans
891,018,Zurich Classic of New Orl,2010,Zurich Classic of New Orleans
892,018,Zurich Classic of New Orl,2015,Zurich Classic of New Orleans
893,018,Compaq Classic of New Or,2001,Compaq Classic of New Orleans
894,018,Compaq Classic of New Or,2002,Compaq Classic of New Orleans
895,018,HP Classic of New Orleans,2003,HP Classic of New Orleans
896,018,HP Classic of New Orleans,2004,HP Classic of New Orleans
897,018,COMPAQ Classic of New Or,2000,COMPAQ Classic of New Orleans
898,518,Barbasol Championship,2018,Barbasol Championship
899,518,Barbasol Championship,2017,Barbasol Championship
900,518,Barbasol Championship,2019,Barbasol Championship
901,518,Barbasol Championship,2016,Barbasol Championship
902,518,Barbasol Championship,2015,Barbasol Championship
903,035,Buick Open,2009,Buick Open
904,035,Buick Open,2008,Buick Open
905,035,Buick Open,2003,Buick Open
906,035,Buick Open,2002,Buick Open
907,035,Buick Open,2004,Buick Open
908,035,Buick Open,2000,Buick Open
909,035,Buick Open,2006,Buick Open
910,035,Buick Open,2007,Buick Open
911,035,Buick Open,2001,Buick Open
912,035,Buick Open,2005,Buick Open
913,037,B.C. Open,2000,B.C. Open
914,037,B.C. Open,2001,B.C. Open
915,037,B.C. Open,2003,B.C. Open
916,037,B.C. Open,2004,B.C. Open
917,037,B.C. Open,2002,B.C. Open
918,037,B.C. Open,2005,B.C. Open
919,037,B.C. Open,2006,B.C. Open presented by Turning Stone Resort
920,051,LG SKINS GAME,2007,LG SKINS GAME
921,051,LG SKINS GAME,2008,LG SKINS GAME
922,051,LG SKINS GAME,2006,LG SKINS GAME
923,051,Skins Game,2001,Skins Game
924,051,Skins Game,2002,Skins Game
925,051,Skins Game,2000,Skins Game
926,051,Merrill Lynch Skins Game,2005,Merrill Lynch Skins Game
927,051,Merrill Lynch Skins Game,2004,Merrill Lynch Skins Game
928,051,ConAgra Foods Skins Game,2003,The ConAgra Foods Skins Game
929,058,Franklin Templeton,2017,Franklin Templeton Shootout
930,058,Franklin Templeton,2003,Franklin Templeton Shootout
931,058,Franklin Templeton,2002,Franklin Templeton Shootout
932,058,Franklin Templeton,2012,Franklin Templeton Shootout
933,058,Franklin Templeton,2001,Franklin Templeton Shootout
934,058,Franklin Templeton,2005,Franklin Templeton Shootout
935,058,Franklin Templeton,2015,Franklin Templeton Shootout
936,058,Franklin Templeton,2011,Franklin Templeton Shootout
937,058,Franklin Templeton,2014,Franklin Templeton Shootout
938,058,Franklin Templeton,2016,Franklin Templeton Shootout
939,058,Franklin Templeton,2004,Franklin Templeton Shootout
940,058,Franklin Templeton,2000,Franklin Templeton Shootout
941,058,Franklin Templeton,2013,Franklin Templeton Shootout
942,058,QBE Shootout,2019,QBE Shootout
943,058,QBE Shootout,2020,QBE Shootout
944,058,QBE Shootout,2018,QBE Shootout
945,058,Merrill Lynch Shootout,2007,Merrill Lynch Shootout
946,058,Merrill Lynch Shootout,2008,Merrill Lynch Shootout
947,058,Merrill Lynch Shootout,2006,Merrill Lynch Shootout
948,058,The Shark Shootout,2009,The Shark Shootout
949,058,The Shark Shootout,2010,The Shark Shootout
950,028,Advil Western Open,2001,Advil Western Open
951,028,Advil Western Open,2002,Advil Western Open
952,028,Advil Western Open,2000,Advil Western Open
953,028,BMW Championship,2010,BMW Championship
954,028,BMW Championship,2011,BMW Championship
955,028,BMW Championship,2008,BMW Championship
956,028,BMW Championship,2007,BMW Championship
957,028,BMW Championship,2009,BMW Championship
958,028,BMW Championship,2019,BMW Championship
959,028,BMW Championship,2015,BMW Championship
960,028,BMW Championship,2018,BMW Championship
961,028,BMW Championship,2020,BMW Championship
962,028,BMW Championship,2016,BMW Championship
963,028,BMW Championship,2014,BMW Championship
964,028,BMW Championship,2013,BMW Championship
965,028,BMW Championship,2012,BMW Championship
966,028,Cialis Western Open,2005,Cialis Western Open
967,028,Cialis Western Open,2006,Cialis Western Open
968,028,Cialis Western Open,2004,Cialis Western Open
969,028,100th Western Open,2003,100th Western Open presented by Golf Digest
970,013,Wyndham Championship,2012,Wyndham Championship
971,013,Wyndham Championship,2013,Wyndham Championship
972,013,Wyndham Championship,2018,Wyndham Championship
973,013,Wyndham Championship,2015,Wyndham Championship
974,013,Wyndham Championship,2020,Wyndham Championship
975,013,Wyndham Championship,2010,Wyndham Championship
976,013,Wyndham Championship,2017,Wyndham Championship
977,013,Wyndham Championship,2014,Wyndham Championship
978,013,Wyndham Championship,2007,Wyndham Championship
979,013,Wyndham Championship,2008,Wyndham Championship
980,013,Wyndham Championship,2009,Wyndham Championship
981,013,Wyndham Championship,2019,Wyndham Championship
982,013,Wyndham Championship,2011,Wyndham Championship
983,013,Wyndham Championship,2016,Wyndham Championship
984,013,Greater Greensboro Chrys,2002,Greater Greensboro Chrysler Classic
985,013,Greater Greensboro Chrys,2000,Greater Greensboro Chrysler Classic
986,013,Greater Greensboro Chrys,2001,Greater Greensboro Chrysler Classic
987,013,Chrysler-Greensboro,2005,Chrysler Classic of Greensboro
988,013,Chrysler-Greensboro,2004,Chrysler Classic of Greensboro
989,013,Chrysler-Greensboro,2003,Chrysler Classic of Greensboro
990,013,Chrysler-Greensboro,2006,Chrysler Classic of Greensboro
991,030,John Deere Classic,2011,John Deere Classic
992,030,John Deere Classic,2014,John Deere Classic
993,030,John Deere Classic,2007,John Deere Classic
994,030,John Deere Classic,2013,John Deere Classic
995,030,John Deere Classic,2005,John Deere Classic
996,030,John Deere Classic,2016,John Deere Classic
997,030,John Deere Classic,2010,John Deere Classic
998,030,John Deere Classic,2002,John Deere Classic
999,030,John Deere Classic,2006,John Deere Classic
1000,030,John Deere Classic,2015,John Deere Classic
1001,030,John Deere Classic,2003,John Deere Classic
1002,030,John Deere Classic,2000,John Deere Classic
1003,030,John Deere Classic,2004,John Deere Classic
1004,030,John Deere Classic,2018,John Deere Classic
1005,030,John Deere Classic,2012,John Deere Classic
1006,030,John Deere Classic,2001,John Deere Classic
1007,030,John Deere Classic,2019,John Deere Classic
1008,030,John Deere Classic,2017,John Deere Classic
1009,030,John Deere Classic,2008,John Deere Classic
1010,030,John Deere Classic,2009,John Deere Classic
1011,100,The Open Championship,2001,The Open Championship
1012,100,The Open Championship,2013,The Open Championship
1013,100,The Open Championship,2004,The Open Championship
1014,100,The Open Championship,2009,The Open Championship
1015,100,The Open Championship,2008,The Open Championship
1016,100,The Open Championship,2002,The Open Championship
1017,100,The Open Championship,2003,The Open Championship
1018,100,The Open Championship,2011,The Open Championship
1019,100,The Open Championship,2012,The Open Championship
1020,100,The Open Championship,2017,The Open Championship
1021,100,The Open Championship,2006,The Open Championship
1022,100,The Open Championship,2014,The Open Championship
1023,100,The Open Championship,2018,The Open Championship
1024,100,The Open Championship,2010,The Open Championship
1025,100,The Open Championship,2007,The Open Championship
1026,100,The Open Championship,2005,The Open Championship
1027,100,The Open Championship,2015,The Open Championship
1028,100,The Open Championship,2016,The Open Championship
1029,100,The Open Championship,2000,The Open Championship
1030,100,The Open Championship,2019,The Open Championship
1031,031,Michelob Championship,2001,Michelob Championship at Kingsmill
1032,031,Michelob Championship,2002,Michelob Championship at Kingsmill
1033,031,Michelob Championship,2000,Michelob Championship at Kingsmill
1034,040,Buick Challenge,2000,Buick Challenge
1035,040,Buick Challenge,2002,Buick Challenge
1036,040,Buick Challenge,2001,Buick Challenge
1037,519,Olympic Men's Golf,2016,Olympic Men's Golf Competition
